year,scenario,CDUID,pm25_1,pm25_2,no2_1,no2_2,o3_1,o3_2,summero3_1,summero3_2,co24h_1,co24h_2,co1h_1,co1h_2,so2_1,so2_2,bz_1,bz_2,bt_1,bt_2,ac_1,ac_2,fm_1,fm_2
2016,1,1001,1.8,2.84,0.15,3.36,26,35.9,28,34.21,0,0.1,0,0.12,0,0.15,0,0.041531087,0,0,0,0.401766835,0,0.283729885
2016,1,1002,1.8,2.51,0.15,2.52,26,34.8,28,33.26,0,0.1,0,0.12,0,0.15,0,0.038336388,0,0,0,0.42158493,0,0.26899067
2016,1,1003,1.8,2.79,0.15,2.99,26,35.2,28,33.8,0,0.1,0,0.12,0,0.15,0,0.041531087,0,0,0,0.45401454,0,0.288642957
2016,1,1004,1.8,3.32,0.15,2.6,26,35.5,28,33.82,0,0.1,0,0.12,0,0.15,0,0.044725786,0,0,0,0.499055665,0,0.323034458
2016,1,1005,1.8,3.12,0.15,2.3,26,35.7,28,33.01,0,0.1,0,0.12,0,0.15,0,0.038336388,0,0,0,0.45041125,0,0.310751779
2016,1,1006,1.8,2.22,0.15,2.94,26,36,28,33.93,0,0.1,0,0.12,0,0.15,0,0.038336388,0,0,0,0.430593155,0,0.305838707
2016,1,1007,1.8,1.91,0.15,2.67,26,34.7,28,33.02,0,0.1,0,0.12,0,0.15,0,0.035141689,0,0,0,0.394560255,0,0.286186421
2016,1,1008,1.8,1.8,0.15,2.53,26,34.6,28,32.26,0,0.1,0,0.12,0,0.15,0,0.035141689,0,0,0,0.398163545,0,0.277588545
2016,1,1009,1.8,1.8,0.15,2.35,26,34,28,30.87,0,0.1,0,0.12,0,0.15,0,0.028752291,0,0,0,0.37474216,0,0.253023187
2016,1,1010,1.8,1.8,0.15,2.98,26,32.3,28,29.33,0,0.1,0,0.12,0,0.15,0,0.019168194,0,0,0,0.264841815,0,0.218631686
2016,1,1011,1.8,1.8,0.15,2.63,26,30.9,28,28,0,0.1,0,0.12,0,0.15,0,0,0,0,0,0.009008225,0,0.008597875
2016,1,1101,1.8,2.77,0.15,2.84,26,37.2,28,35.02,0,0.1,0,0.12,0,0.15,0,0.076672776,0,0,0,0.64498891,0,0.482709285
2016,1,1102,1.8,2.78,0.15,3.18,26,38.6,28,36.79,0,0.1,0,0.12,0,0.15,0,0.09584097,0,0,0,0.66660865,0,0.518329054
2016,1,1103,1.8,2.48,0.15,2.73,26,36.4,28,34.54,0,0.1,0,0.12,0,0.15,0,0.083062174,0,0,0,0.66300536,0,0.466741802
2016,1,1201,1.8,3.14,0.15,2.49,26,37.8,28,37.34,0,0.1,0,0.12,0,0.15,0,0.102230368,0,0,0,0.72786458,0,0.4974485
2016,1,1202,1.8,3.35,0.15,2.54,26,38.1,28,37.25,0,0.1,0,0.12,0,0.15,0,0.111814465,0,0,0,0.740476095,0,0.4974485
2016,1,1203,1.8,3.19,0.15,2.29,26,38,28,36.71,0,0.1,0,0.12,0,0.15,0,0.108619766,0,0,0,0.747682675,0,0.52078559
2016,1,1204,1.8,3.04,0.15,2.5,26,37.5,28,35.59,0,0.1,0,0.12,0,0.15,0,0.099035669,0,0,0,0.715253065,0,0.519557322
2016,1,1205,1.8,3.47,0.15,2.45,26,38.6,28,36.21,0,0.1,0,0.12,0,0.15,0,0.102230368,0,0,0,0.740476095,0,0.569916306
2016,1,1206,1.8,3.4,0.15,3.07,26,36.8,28,34.62,0,0.1,0,0.12,0,0.15,0,0.099035669,0,0,0,0.715253065,0,0.571144574
2016,1,1207,1.8,3.77,0.15,2.47,26,38.3,28,35.37,0,0.1,0,0.12,0,0.15,0,0.102230368,0,0,0,0.72786458,0,0.598166467
2016,1,1208,1.8,3.35,0.15,2.49,26,35.6,28,33.25,0,0.1,0,0.12,0,0.15,0,0.09584097,0,0,0,0.704443195,0,0.601851271
2016,1,1209,1.8,4.02,0.15,4.64,26,35.7,28,34.13,0,0.1,0,0.12,0,0.15,0,0.115009164,0,0,0,0.68822839,0,0.571144574
2016,1,1210,1.8,3.64,0.15,3.24,26,35.6,28,33.89,0,0.1,0,0.12,0,0.15,0,0.09584097,0,0,0,0.69183168,0,0.59079686
2016,1,1211,1.8,3.34,0.15,2.9,26,36.6,28,34.95,0,0.1,0,0.12,0,0.15,0,0.092646271,0,0,0,0.70624484,0,0.556405359
2016,1,1212,1.8,3.77,0.15,3.41,26,35,28,33.6,0,0.1,0,0.12,0,0.15,0,0.086256873,0,0,0,0.67021194,0,0.577285913
2016,1,1213,1.8,3.18,0.15,2.23,26,36.4,28,35.08,0,0.1,0,0.12,0,0.15,0,0.073478077,0,0,0,0.632377395,0,0.483937553
2016,1,1214,1.8,3.17,0.15,2.65,26,36,28,34.21,0,0.1,0,0.12,0,0.15,0,0.076672776,0,0,0,0.64138562,0,0.523242125
2016,1,1215,1.8,3.27,0.15,2.1,26,36.6,28,34.83,0,0.1,0,0.12,0,0.15,0,0.06389398,0,0,0,0.599947785,0,0.449546051
2016,1,1216,1.8,3.39,0.15,1.38,26,37.4,28,35.95,0,0.1,0,0.12,0,0.15,0,0.070283378,0,0,0,0.59814614,0,0.412698014
2016,1,1217,1.8,4,0.15,2.9,26,37.1,28,35.66,0,0.1,0,0.12,0,0.15,0,0.070283378,0,0,0,0.585534625,0,0.431122033
2016,1,1218,1.8,3.03,0.15,1.96,26,36.6,28,35.15,0,0.1,0,0.12,0,0.15,0,0.060699281,0,0,0,0.58012969,0,0.424980693
2016,1,1301,1.8,4.6,0.15,4.18,26,36.6,28,34.75,0,0.1,0,0.12,0,0.15,0,0.162929649,0,0,0,0.75308761,0,0.578514181
2016,1,1302,1.8,3.82,0.15,2.7,26,36.5,28,35.07,0,0.1,0,0.12,0,0.15,0,0.118203863,0,0,0,0.75308761,0,0.583427253
2016,1,1303,1.8,4.03,0.15,2.87,26,35.6,28,34.2,0,0.1,0,0.12,0,0.15,0,0.108619766,0,0,0,0.729666225,0,0.606764343
2016,1,1304,1.8,3.7,0.15,2.63,26,35.4,28,33.94,0,0.1,0,0.12,0,0.15,0,0.102230368,0,0,0,0.711649775,0,0.568688038
2016,1,1305,1.8,3.72,0.15,2.84,26,36.1,28,34.58,0,0.1,0,0.12,0,0.15,0,0.115009164,0,0,0,0.726062935,0,0.589568592
2016,1,1306,1.8,3.59,0.15,3.17,26,36.2,28,34.18,0,0.1,0,0.12,0,0.15,0,0.102230368,0,0,0,0.704443195,0,0.563774966
2016,1,1307,1.8,3.7,0.15,3.68,26,35.7,28,34.09,0,0.1,0,0.12,0,0.15,0,0.118203863,0,0,0,0.70264155,0,0.571144574
2016,1,1308,1.8,2.86,0.15,2.36,26,34.9,28,32.9,0,0.1,0,0.12,0,0.15,0,0.086256873,0,0,0,0.6846251,0,0.549035751
2016,1,1309,1.8,3.13,0.15,2.67,26,34.8,28,32.33,0,0.1,0,0.12,0,0.15,0,0.079867475,0,0,0,0.66660865,0,0.53798134
2016,1,1310,1.8,3.78,0.15,3.23,26,35.7,28,33.9,0,0.1,0,0.12,0,0.15,0,0.105425067,0,0,0,0.72786458,0,0.59079686
2016,1,1311,1.8,3.56,0.15,2.74,26,35.5,28,33.72,0,0.1,0,0.12,0,0.15,0,0.108619766,0,0,0,0.72786458,0,0.596938199
2016,1,1312,1.8,3.45,0.15,2.71,26,34.9,28,32.6,0,0.1,0,0.12,0,0.15,0,0.092646271,0,0,0,0.686426745,0,0.56745977
2016,1,1313,1.8,3.46,0.15,2.94,26,35.4,28,32.86,0,0.1,0,0.12,0,0.15,0,0.092646271,0,0,0,0.67021194,0,0.56745977
2016,1,1314,1.8,3.91,0.15,2.55,26,34.5,28,32.1,0,0.1,0,0.12,0,0.15,0,0.073478077,0,0,0,0.63417904,0,0.526926929
2016,1,1315,1.8,2.84,0.15,2.64,26,35.1,28,32.72,0,0.1,0,0.12,0,0.15,0,0.073478077,0,0,0,0.63778233,0,0.52078559
2016,1,2401,1.8,2.55,0.15,2.43,26,35.2,28,34.51,0,0.1,0,0.12,0,0.15,0,0.060699281,0,0,0,0.60174943,0,0.313208315
2016,1,2402,1.8,2.66,0.15,2.55,26,33.9,28,31.87,0,0.1,0,0.12,0,0.15,0,0.054309883,0,0,0,0.567518175,0,0.452002587
2016,1,2403,1.8,2.27,0.15,1.96,26,33.8,28,31.47,0,0.1,0,0.12,0,0.15,0,0.051115184,0,0,0,0.54409679,0,0.450774319
2016,1,2404,1.8,3.15,0.15,2.18,26,33.5,28,31,0,0.1,0,0.12,0,0.15,0,0.054309883,0,0,0,0.55130337,0,0.465513534
2016,1,2405,1.8,3.08,0.15,2.45,26,33.8,28,31.54,0,0.1,0,0.12,0,0.15,0,0.057504582,0,0,0,0.581931335,0,0.488850624
2016,1,2406,1.8,3.71,0.15,2.39,26,33.6,28,31.35,0,0.1,0,0.12,0,0.15,0,0.06389398,0,0,0,0.603551075,0,0.509731179
2016,1,2407,1.8,2.18,0.15,2.56,26,33.4,28,31.12,0,0.1,0,0.12,0,0.15,0,0.06389398,0,0,0,0.59093956,0,0.503589839
2016,1,2408,1.8,3.07,0.15,2.26,26,33.2,28,31.14,0,0.1,0,0.12,0,0.15,0,0.060699281,0,0,0,0.578328045,0,0.493763696
2016,1,2409,1.8,2.55,0.15,2.44,26,34.2,28,32.29,0,0.1,0,0.12,0,0.15,0,0.070283378,0,0,0,0.6125593,0,0.524470393
2016,1,2410,1.8,3.18,0.15,3.52,26,35,28,33.21,0,0.1,0,0.12,0,0.15,0,0.083062174,0,0,0,0.63057575,0,0.546579216
2016,1,2411,1.8,2.15,0.15,2.48,26,36,28,34.7,0,0.1,0,0.12,0,0.15,0,0.086256873,0,0,0,0.646790555,0,0.566231502
2016,1,2412,1.8,4.06,0.15,3.8,26,36.4,28,35.72,0,0.1,0,0.12,0,0.15,0,0.111814465,0,0,0,0.686426745,0,0.646068915
2016,1,2413,1.8,2.16,0.15,2.67,26,36.3,28,34.12,0,0.1,0,0.12,0,0.15,0,0.115009164,0,0,0,0.66660865,0,0.62027529
2016,1,2414,1.8,4.42,0.15,2.88,26,36.8,28,35.9,0,0.1,0,0.12,0,0.15,0,0.102230368,0,0,0,0.70984813,0,0.636242772
2016,1,2415,1.8,4.59,0.15,3.19,26,36.2,28,34.86,0,0.1,0,0.12,0,0.15,0,0.076672776,0,0,0,0.64498891,0,0.583427253
2016,1,2416,1.8,6.55,0.15,3.26,26,37.6,28,35.67,0,0.1,0,0.12,0,0.15,0,0.079867475,0,0,0,0.639583975,0,0.551492287
2016,1,2417,1.8,4.19,0.15,2.72,26,37.3,28,35.9,0,0.1,0,0.12,0,0.15,0,0.102230368,0,0,0,0.73146787,0,0.633786236
2016,1,2418,1.8,6.35,0.15,4,26,38,28,36.28,0,0.1,0,0.12,0,0.15,0,0.111814465,0,0,0,0.74948432,0,0.647297183
2016,1,2419,1.8,4.49,0.15,3.74,26,39.2,28,38.23,0,0.1,0,0.12,0,0.15,0,0.134177358,0,0,0,0.78191393,0,0.680460417
2016,1,2420,1.8,7.16,0.15,4.22,26,36.9,28,36.52,0,0.1,0,0.12,0,0.15,0,0.284328211,0,0,0,0.82155012,0,0.770123973
2016,1,2421,1.8,6.19,0.15,4.73,26,38,28,36.09,0,0.1,0,0.12,0,0.15,0,0.09584097,0,0,0,0.65940207,0,0.563774966
2016,1,2422,1.8,4.66,0.15,4.03,26,37.6,28,35.91,0,0.1,0,0.12,0,0.15,0,0.099035669,0,0,0,0.68102181,0,0.588340324
2016,1,2423,1.8,7.59,0.15,6.3,26,36.3,28,36.71,0,0.1,0,0.12,0,0.15,0,0.281133512,0,0,0,0.82515341,0,0.800830671
2016,1,2425,1.8,7,0.15,6.35,26,37.2,28,37.74,0,0.1,0,0.12,0,0.15,0,0.444063161,0,0,0,0.881004405,0,0.899092103
2016,1,2426,1.8,4.99,0.15,4.1,26,39.7,28,39.01,0,0.1,0,0.12,0,0.15,0,0.146956154,0,0,0,0.794525445,0,0.697656167
2016,1,2427,1.8,4.8,0.15,3.76,26,39.1,28,38.25,0,0.1,0,0.12,0,0.15,0,0.130982659,0,0,0,0.79993038,0,0.696427899
2016,1,2428,1.8,2.64,0.15,2.81,26,38.1,28,36.66,0,0.1,0,0.12,0,0.15,0,0.115009164,0,0,0,0.76389748,0,0.650981987
2016,1,2429,1.8,5.73,0.15,3.88,26,39.2,28,38.36,0,0.1,0,0.12,0,0.15,0,0.124593261,0,0,0,0.790922155,0,0.675547345
2016,1,2430,1.8,3.66,0.15,3.17,26,39.7,28,38.61,0,0.1,0,0.12,0,0.15,0,0.137372057,0,0,0,0.801732025,0,0.69028656
2016,1,2431,1.8,3.72,0.15,4.25,26,39.5,28,38.9,0,0.1,0,0.12,0,0.15,0,0.140566756,0,0,0,0.819748475,0,0.73696074
2016,1,2432,1.8,5,0.15,4.27,26,39.1,28,38.66,0,0.1,0,0.12,0,0.15,0,0.137372057,0,0,0,0.801732025,0,0.703797507
2016,1,2433,1.8,5.38,0.15,3.87,26,38.7,28,38.08,0,0.1,0,0.12,0,0.15,0,0.137372057,0,0,0,0.790922155,0,0.693971364
2016,1,2434,1.8,5.99,0.15,4.51,26,36.6,28,35.39,0,0.1,0,0.12,0,0.15,0,0.111814465,0,0,0,0.71705471,0,0.628873165
2016,1,2435,1.8,4.2,0.15,3.76,26,35.7,28,33.9,0,0.1,0,0.12,0,0.15,0,0.099035669,0,0,0,0.672013585,0,0.568688038
2016,1,2436,1.8,5.24,0.15,5.66,26,36.6,28,35.31,0,0.1,0,0.12,0,0.15,0,0.124593261,0,0,0,0.720658,0,0.639927576
2016,1,2437,1.8,6.48,0.15,5.97,26,37.1,28,37.62,0,0.1,0,0.12,0,0.15,0,0.172513746,0,0,0,0.805335315,0,0.745558615
2016,1,2438,1.8,6.01,0.15,3.89,26,38,28,38.21,0,0.1,0,0.12,0,0.15,0,0.198071338,0,0,0,0.81074025,0,0.720993257
2016,1,2439,1.8,5.48,0.15,4.51,26,39.6,28,39.4,0,0.1,0,0.12,0,0.15,0,0.156540251,0,0,0,0.826955055,0,0.73696074
2016,1,2440,1.8,5.2,0.15,3.73,26,39.9,28,39.56,0,0.1,0,0.12,0,0.15,0,0.146956154,0,0,0,0.837764925,0,0.752928223
2016,1,2441,1.8,4.81,0.15,3.6,26,39.9,28,38.85,0,0.1,0,0.12,0,0.15,0,0.146956154,0,0,0,0.83956657,0,0.74310208
2016,1,2442,1.8,5.24,0.15,3.66,26,40.2,28,39.88,0,0.1,0,0.12,0,0.15,0,0.162929649,0,0,0,0.862987955,0,0.788547992
2016,1,2443,1.8,6.19,0.15,5.66,26,39.7,28,39.55,0,0.1,0,0.12,0,0.15,0,0.230018328,0,0,0,0.895417565,0,0.848733119
2016,1,2444,1.8,4.65,0.15,3.36,26,40.5,28,39.04,0,0.1,0,0.12,0,0.15,0,0.162929649,0,0,0,0.862987955,0,0.771352241
2016,1,2445,1.8,5.47,0.15,4.21,26,41.1,28,40.04,0,0.1,0,0.12,0,0.15,0,0.175708445,0,0,0,0.877401115,0,0.802058939
2016,1,2446,1.8,5.9,0.15,4.3,26,42.4,28,41.97,0,0.1,0,0.12,0,0.15,0,0.201266037,0,0,0,0.90442579,0,0.827852565
2016,1,2447,1.8,6.35,0.15,4.91,26,41.4,28,41.36,0,0.1,0,0.12,0,0.15,0,0.210850134,0,0,0,0.90442579,0,0.843820047
2016,1,2448,1.8,5.55,0.15,4.91,26,40.5,28,40.54,0,0.1,0,0.12,0,0.15,0,0.175708445,0,0,0,0.881004405,0,0.804515475
2016,1,2449,1.8,6.07,0.15,5.32,26,39.5,28,40.03,0,0.1,0,0.12,0,0.15,0,0.188487241,0,0,0,0.86839289,0,0.781178384
2016,1,2450,1.8,6.08,0.15,4.71,26,38.5,28,39.05,0,0.1,0,0.12,0,0.15,0,0.175708445,0,0,0,0.8287567,0,0.716080186
2016,1,2451,1.8,5.36,0.15,4.05,26,37.3,28,36.17,0,0.1,0,0.12,0,0.15,0,0.134177358,0,0,0,0.740476095,0,0.644840648
2016,1,2452,1.8,6.37,0.15,4.9,26,39.1,28,39.06,0,0.1,0,0.12,0,0.15,0,0.19168194,0,0,0,0.790922155,0,0.702569239
2016,1,2453,1.8,7.07,0.15,5.83,26,39.5,28,41.03,0,0.1,0,0.12,0,0.15,0,0.239602425,0,0,0,0.86839289,0,0.76643917
2016,1,2454,1.8,7.3,0.15,6.7,26,40.3,28,41.7,0,0.1,0,0.12,0,0.15,0,0.236407726,0,0,0,0.906227435,0,0.824167761
2016,1,2455,1.8,6.72,0.15,6.03,26,41.5,28,42.95,0,0.1,0,0.12,0,0.15,0,0.284328211,0,0,0,0.9368554,0,0.870841941
2016,1,2456,1.8,7.36,0.15,6.39,26,41.7,28,42.68,0,0.1,0,0.12,0,0.15,0,0.290717609,0,0,0,0.92964882,0,0.837678708
2016,1,2457,1.8,7.06,0.15,7.21,26,41.8,28,44.46,0,0.1,0,0.12,0,0.15,0,0.35141689,0,0,0,0.938657045,0,0.873298477
2016,1,2458,1.8,7.87,0.15,9.71,26,39.2,28,43.15,0,0.1,0,0.12,0,0.15,0,0.750754265,0,0,0,1.039549165,0,1.03542984
2016,1,2459,1.8,7.36,0.15,8.01,26,40.5,28,42.91,0,0.1,0,0.12,0,0.15,0,0.523930636,0,0,0,0.96207843,0,0.940853211
2016,1,2460,1.8,7.69,0.15,7.4,26,41.6,28,43.53,0,0.1,0,0.12,0,0.15,0,0.549488228,0,0,0,0.953070205,0,0.928570532
2016,1,2461,1.8,6.98,0.15,5.11,26,40.8,28,41.67,0,0.1,0,0.12,0,0.15,0,0.217239532,0,0,0,0.82515341,0,0.740645544
2016,1,2462,1.8,3.72,0.15,3.38,26,36.8,28,35.01,0,0.1,0,0.12,0,0.15,0,0.099035669,0,0,0,0.679220165,0,0.566231502
2016,1,2463,1.8,6.27,0.15,4.6,26,42.5,28,43.36,0,0.1,0,0.12,0,0.15,0,0.185292542,0,0,0,0.81434354,0,0.733275936
2016,1,2464,1.8,7.31,0.15,7.81,26,42.2,28,44.51,0,0.1,0,0.12,0,0.15,0,0.488788947,0,0,0,0.92244224,0,0.928570532
2016,1,2465,1.8,7.55,0.15,9.67,26,38.8,28,42.08,0,0.1,0,0.12,0,0.15,0,1.114949951,0,0,0,1.10260674,0,1.220898293
2016,1,2466,1.8,7.94,0.15,10.88,26,36.9,28,40.05,0,0.1,0,0.12,0,0.15,0,1.325800085,0,0,0,1.162061025,0,1.260202865
2016,1,2467,1.8,7.55,0.15,7.82,26,40.8,28,43.18,0,0.1,0,0.12,0,0.15,0,0.418505569,0,0,0,0.956673495,0,0.873298477
2016,1,2468,1.8,6.15,0.15,5.29,26,42.2,28,43.13,0,0.1,0,0.12,0,0.15,0,0.22362893,0,0,0,0.899020855,0,0.803287207
2016,1,2469,1.8,5.48,0.15,3.82,26,40.4,28,41.22,0,0.1,0,0.12,0,0.15,0,0.19168194,0,0,0,0.895417565,0,0.811885082
2016,1,2470,1.8,6.61,0.15,6.27,26,40.4,28,41.86,0,0.1,0,0.12,0,0.15,0,0.249186522,0,0,0,0.917037305,0,0.825396029
2016,1,2471,1.8,6.37,0.15,5.36,26,39.3,28,41.12,0,0.1,0,0.12,0,0.15,0,0.239602425,0,0,0,0.89721921,0,0.80697201
2016,1,2472,1.8,7.52,0.15,7.63,26,41.2,28,43.22,0,0.1,0,0.12,0,0.15,0,0.309885803,0,0,0,0.909830725,0,0.873298477
2016,1,2473,1.8,7.6,0.15,8.06,26,42.3,28,44.51,0,0.1,0,0.12,0,0.15,0,0.354611589,0,0,0,0.90442579,0,0.921200925
2016,1,2474,1.8,6.34,0.15,5.86,26,41.8,28,43.71,0,0.1,0,0.12,0,0.15,0,0.277938813,0,0,0,0.88280605,0,0.843820047
2016,1,2475,1.8,6.38,0.15,5.26,26,41.8,28,42.69,0,0.1,0,0.12,0,0.15,0,0.194876639,0,0,0,0.830558345,0,0.770123973
2016,1,2476,1.8,5.31,0.15,4.25,26,39.8,28,40.27,0,0.1,0,0.12,0,0.15,0,0.15973495,0,0,0,0.81434354,0,0.724678061
2016,1,2477,1.8,4.26,0.15,3.84,26,40.3,28,40.05,0,0.1,0,0.12,0,0.15,0,0.143761455,0,0,0,0.78191393,0,0.695199631
2016,1,2478,1.8,3.47,0.15,3.72,26,38.4,28,37.18,0,0.1,0,0.12,0,0.15,0,0.124593261,0,0,0,0.74588103,0,0.648525451
2016,1,2479,1.8,3.73,0.15,3.28,26,35.7,28,33.49,0,0.1,0,0.12,0,0.15,0,0.09584097,0,0,0,0.675616875,0,0.555177091
2016,1,2480,1.8,4.02,0.15,4.14,26,38.9,28,38.54,0,0.1,0,0.12,0,0.15,0,0.137372057,0,0,0,0.780112285,0,0.686601756
2016,1,2481,1.8,5.31,0.15,6.96,26,38.4,28,39.98,0,0.1,0,0.12,0,0.15,0,0.28752291,0,0,0,0.881004405,0,0.88312462
2016,1,2482,1.8,3.84,0.15,4.06,26,39.9,28,39.62,0,0.1,0,0.12,0,0.15,0,0.153345552,0,0,0,0.81074025,0,0.750471687
2016,1,2483,1.8,3.96,0.15,2.77,26,35.4,28,33.65,0,0.1,0,0.12,0,0.15,0,0.092646271,0,0,0,0.672013585,0,0.552720555
2016,1,2484,1.8,3.82,0.15,3.43,26,36.2,28,35.4,0,0.1,0,0.12,0,0.15,0,0.102230368,0,0,0,0.71705471,0,0.606764343
2016,1,2485,1.8,3.34,0.15,3.33,26,36,28,35.56,0,0.1,0,0.12,0,0.15,0,0.086256873,0,0,0,0.67741852,0,0.568688038
2016,1,2486,1.8,3.31,0.15,4.07,26,36,28,34.87,0,0.1,0,0.12,0,0.15,0,0.076672776,0,0,0,0.61976588,0,0.585883788
2016,1,2487,1.8,2.94,0.15,3.02,26,34.6,28,33.37,0,0.1,0,0.12,0,0.15,0,0.067088679,0,0,0,0.578328045,0,0.531840001
2016,1,2488,1.8,3.03,0.15,3.27,26,34.9,28,33.04,0,0.1,0,0.12,0,0.15,0,0.067088679,0,0,0,0.58012969,0,0.51464425
2016,1,2489,1.8,3.79,0.15,3.78,26,34.6,28,32.56,0,0.1,0,0.12,0,0.15,0,0.070283378,0,0,0,0.599947785,0,0.508502911
2016,1,2490,1.8,4.76,0.15,4.15,26,34.2,28,31.87,0,0.1,0,0.12,0,0.15,0,0.070283378,0,0,0,0.589137915,0,0.483937553
2016,1,2491,1.8,4.35,0.15,3.6,26,34.5,28,32.38,0,0.1,0,0.12,0,0.15,0,0.060699281,0,0,0,0.54770008,0,0.460600463
2016,1,2492,1.8,3.98,0.15,3.32,26,32.6,28,30.11,0,0.1,0,0.12,0,0.15,0,0.047920485,0,0,0,0.48284086,0,0.409013211
2016,1,2493,1.8,4.67,0.15,3.1,26,35.3,28,33.82,0,0.1,0,0.12,0,0.15,0,0.079867475,0,0,0,0.599947785,0,0.549035751
2016,1,2494,1.8,6.2,0.15,4.41,26,33,28,30.67,0,0.1,0,0.12,0,0.15,0,0.051115184,0,0,0,0.49365073,0,0.423752426
2016,1,2495,1.8,3.11,0.15,2.75,26,33.2,28,31.07,0,0.1,0,0.12,0,0.15,0,0.051115184,0,0,0,0.535088565,0,0.452002587
2016,1,2496,1.8,3.33,0.15,3.84,26,31.9,28,29.46,0,0.1,0,0.12,0,0.15,0,0.041531087,0,0,0,0.46122112,0,0.389360924
2016,1,2497,1.8,3.75,0.15,3.66,26,31.6,28,29.02,0,0.1,0,0.12,0,0.15,0,0.028752291,0,0,0,0.372940515,0,0.305838707
2016,1,2498,1.8,1.8,0.15,3.1,26,33.1,28,30.26,0,0.1,0,0.12,0,0.15,0,0.03194699,0,0,0,0.40356848,0,0.314436582
2016,1,2499,1.8,2.04,0.15,2.88,26,30.8,28,28.58,0,0.1,0,0.12,0,0.15,0,0.022362893,0,0,0,0.257635235,0,0.212490347
2016,1,3501,1.8,6.08,0.15,4.55,26,38.7,28,40.53,0,0.1,0,0.12,0,0.15,0,0.194876639,0,0,0,0.89001263,0,0.799602403
2016,1,3502,1.8,5.36,0.15,4.7,26,39.3,28,40.65,0,0.1,0,0.12,0,0.15,0,0.178903144,0,0,0,0.844971505,0,0.749243419
2016,1,3506,1.8,5.46,0.15,6.95,26,40.1,28,41.49,0,0.1,0,0.12,0,0.15,0,0.252381221,0,0,0,0.88280605,0,0.835222172
2016,1,3507,1.8,5.25,0.15,4.66,26,40.4,28,43.09,0,0.1,0,0.12,0,0.15,0,0.188487241,0,0,0,0.91163237,0,0.811885082
2016,1,3509,1.8,4.52,0.15,4.39,26,39.9,28,41.15,0,0.1,0,0.12,0,0.15,0,0.15973495,0,0,0,0.85397973,0,0.759069562
2016,1,3510,1.8,6.01,0.15,6.29,26,40,28,42.65,0,0.1,0,0.12,0,0.15,0,0.172513746,0,0,0,0.88640934,0,0.76029783
2016,1,3511,1.8,5.17,0.15,5.22,26,40.2,28,43.15,0,0.1,0,0.12,0,0.15,0,0.169319047,0,0,0,0.888210985,0,0.751699955
2016,1,3512,1.8,6.02,0.15,5.15,26,39.9,28,42.58,0,0.1,0,0.12,0,0.15,0,0.162929649,0,0,0,0.873797825,0,0.74310208
2016,1,3513,1.8,5.47,0.15,4.94,26,43.5,28,50.17,0,0.1,0,0.12,0,0.15,0,0.236407726,0,0,0,0.999912975,0,0.793461063
2016,1,3514,1.8,5.9,0.15,5.67,26,42.3,28,47.6,0,0.1,0,0.12,0,0.15,0,0.210850134,0,0,0,0.96928501,0,0.81311335
2016,1,3515,1.8,5.38,0.15,6.02,26,40.3,28,43.51,0,0.1,0,0.12,0,0.15,0,0.172513746,0,0,0,0.895417565,0,0.76643917
2016,1,3516,1.8,4.83,0.15,4.87,26,40.6,28,43.88,0,0.1,0,0.12,0,0.15,0,0.178903144,0,0,0,0.909830725,0,0.768895705
2016,1,3518,1.8,7.04,0.15,8.89,26,42,28,47.11,0,0.1,0,0.12,0,0.15,0,0.258770619,0,0,0,1.007119555,0,0.858559262
2016,1,3519,1.8,6.38,0.15,10.54,26,41.9,28,47.04,0,0.1,0,0.12,0,0.15,0,0.348222191,0,0,0,1.03414423,0,0.923657461
2016,1,3520,1.8,7.78,0.15,12.45,26,38.4,28,45.5,0,0.1,0,0.12,0,0.15,0,1.015914282,0,0,0,1.338622235,0,1.252833258
2016,1,3521,1.8,7.17,0.15,10.93,26,42.3,28,47.36,0,0.1,0,0.12,0,0.15,0,0.44725786,0,0,0,1.082788645,0,0.983842588
2016,1,3522,1.8,4.37,0.15,5.57,26,43.5,28,47.08,0,0.1,0,0.12,0,0.15,0,0.185292542,0,0,0,0.94406198,0,0.799602403
2016,1,3523,1.8,6.22,0.15,6.95,26,43.3,28,47.65,0,0.1,0,0.12,0,0.15,0,0.226823629,0,0,0,0.99090475,0,0.822939493
2016,1,3524,1.8,7.41,0.15,9.72,26,43.3,28,48.81,0,0.1,0,0.12,0,0.15,0,0.367390385,0,0,0,1.09179687,0,0.951907623
2016,1,3525,1.8,7.9,0.15,9.71,26,43.4,28,49.58,0,0.1,0,0.12,0,0.15,0,0.405726773,0,0,0,1.13863964,0,0.985070856
2016,1,3526,1.8,7.84,0.15,7.53,26,45.4,28,52.37,0,0.1,0,0.12,0,0.15,0,0.466426054,0,0,0,1.219713665,0,1.077190948
2016,1,3528,1.8,6.83,0.15,6.17,26,46.3,28,53.33,0,0.1,0,0.12,0,0.15,0,0.271549415,0,0,0,1.12062319,0,0.924885729
2016,1,3529,1.8,7.52,0.15,7.55,26,44.4,28,50.28,0,0.1,0,0.12,0,0.15,0,0.274744114,0,0,0,1.089995225,0,0.931027068
2016,1,3530,1.8,6.89,0.15,7.86,26,42.8,28,47.8,0,0.1,0,0.12,0,0.15,0,0.297107007,0,0,0,1.05576397,0,0.923657461
2016,1,3531,1.8,6.1,0.15,5.74,26,43.3,28,48.32,0,0.1,0,0.12,0,0.15,0,0.214044833,0,0,0,1.010722845,0,0.819254689
2016,1,3532,1.8,6.87,0.15,6.28,26,44.2,28,50.06,0,0.1,0,0.12,0,0.15,0,0.245991823,0,0,0,1.068375485,0,0.905233442
2016,1,3534,1.8,7.36,0.15,6.68,26,45.4,28,52.45,0,0.1,0,0.12,0,0.15,0,0.268354716,0,0,0,1.122424835,0,0.921200925
2016,1,3536,1.8,8.81,0.15,7.17,26,45.3,28,53.74,0,0.1,0,0.12,0,0.15,0,0.3194699,0,0,0,1.187284055,0,1.00595141
2016,1,3537,1.8,8.64,0.15,8.5,26,47.7,28,57.12,0,0.1,0,0.12,0,0.15,0,0.648523897,0,0,0,1.35123375,0,1.267572473
2016,1,3538,1.8,8.51,0.15,7.3,26,44.6,28,52.4,0,0.1,0,0.12,0,0.15,0,0.354611589,0,0,0,1.133234705,0,0.997353535
2016,1,3539,1.8,7.64,0.15,7.54,26,44.3,28,50.84,0,0.1,0,0.12,0,0.15,0,0.271549415,0,0,0,1.079185355,0,0.908918246
2016,1,3540,1.8,6.07,0.15,5.18,26,43.4,28,48.68,0,0.1,0,0.12,0,0.15,0,0.201266037,0,0,0,0.99450804,0,0.802058939
2016,1,3541,1.8,5.12,0.15,4.05,26,42.3,28,46.58,0,0.1,0,0.12,0,0.15,0,0.166124348,0,0,0,0.927847175,0,0.706254043
2016,1,3542,1.8,5.05,0.15,3.83,26,42,28,45.5,0,0.1,0,0.12,0,0.15,0,0.166124348,0,0,0,0.91883895,0,0.756613026
2016,1,3543,1.8,5.07,0.15,5.85,26,41.2,28,44.55,0,0.1,0,0.12,0,0.15,0,0.19168194,0,0,0,0.927847175,0,0.792232796
2016,1,3544,1.8,3.7,0.15,4.03,26,39.5,28,41.42,0,0.1,0,0.12,0,0.15,0,0.146956154,0,0,0,0.85397973,0,0.701340971
2016,1,3546,1.8,3.15,0.15,3.46,26,38.7,28,39.85,0,0.1,0,0.12,0,0.15,0,0.137372057,0,0,0,0.8287567,0,0.681688685
2016,1,3547,1.8,4.67,0.15,4.1,26,37.5,28,37.79,0,0.1,0,0.12,0,0.15,0,0.12778796,0,0,0,0.790922155,0,0.706254043
2016,1,3548,1.8,4.25,0.15,4.92,26,37.4,28,38.2,0,0.1,0,0.12,0,0.15,0,0.108619766,0,0,0,0.74948432,0,0.635014504
2016,1,3549,1.8,3.84,0.15,3.48,26,39.2,28,41.19,0,0.1,0,0.12,0,0.15,0,0.124593261,0,0,0,0.808938605,0,0.648525451
2016,1,3551,1.8,3.83,0.15,3.08,26,39,28,43.02,0,0.1,0,0.12,0,0.15,0,0.124593261,0,0,0,0.82155012,0,0.615362218
2016,1,3552,1.8,4.01,0.15,3.44,26,35.8,28,36.59,0,0.1,0,0.12,0,0.15,0,0.083062174,0,0,0,0.67021194,0,0.585883788
2016,1,3553,1.8,4.47,0.15,4.86,26,36.5,28,39.43,0,0.1,0,0.12,0,0.15,0,0.143761455,0,0,0,0.77831064,0,0.782406652
2016,1,3554,1.8,3.37,0.15,3.74,26,34.8,28,34.48,0,0.1,0,0.12,0,0.15,0,0.076672776,0,0,0,0.643187265,0,0.593253396
2016,1,3556,1.8,3.15,0.15,3.94,26,32.3,28,31.01,0,0.1,0,0.12,0,0.15,0,0.044725786,0,0,0,0.488245795,0,0.447089516
2016,1,3557,1.8,4.81,0.15,4.67,26,36.3,28,36.96,0,0.1,0,0.12,0,0.15,0,0.079867475,0,0,0,0.65940207,0,0.563774966
2016,1,3558,1.8,4.23,0.15,3.88,26,33.5,28,33.1,0,0.1,0,0.12,0,0.15,0,0.047920485,0,0,0,0.571121465,0,0.528155197
2016,1,3559,1.8,3.64,0.15,3.54,26,35.9,28,36.08,0,0.1,0,0.12,0,0.15,0,0.06389398,0,0,0,0.682823455,0,0.711167114
2016,1,3560,1.8,2.73,0.15,2.74,26,31.4,28,29.76,0,0.1,0,0.12,0,0.15,0,0.025557592,0,0,0,0.419783285,0,0.370936906
2016,1,4601,1.8,3.08,0.15,2.7,26,34.9,28,35.25,0,0.1,0,0.12,0,0.15,0,0.060699281,0,0,0,0.690030035,0,0.700112703
2016,1,4602,1.8,4.24,0.15,3.28,26,35.8,28,37.31,0,0.1,0,0.12,0,0.15,0,0.108619766,0,0,0,0.73146787,0,0.71362365
2016,1,4603,1.8,4.51,0.15,3.61,26,35,28,36.23,0,0.1,0,0.12,0,0.15,0,0.099035669,0,0,0,0.720658,0,0.664492934
2016,1,4604,1.8,3.68,0.15,2.44,26,35,28,36.06,0,0.1,0,0.12,0,0.15,0,0.067088679,0,0,0,0.704443195,0,0.648525451
2016,1,4605,1.8,4.1,0.15,3.12,26,36.1,28,38.22,0,0.1,0,0.12,0,0.15,0,0.092646271,0,0,0,0.71345142,0,0.648525451
2016,1,4606,1.8,4.14,0.15,3.37,26,35.3,28,37.02,0,0.1,0,0.12,0,0.15,0,0.137372057,0,0,0,0.733269515,0,0.64361238
2016,1,4607,1.8,5.25,0.15,4.41,26,36.2,28,37.47,0,0.1,0,0.12,0,0.15,0,0.083062174,0,0,0,0.70624484,0,0.632557969
2016,1,4608,1.8,3.68,0.15,2.09,26,34.4,28,34.54,0,0.1,0,0.12,0,0.15,0,0.060699281,0,0,0,0.69183168,0,0.623960093
2016,1,4609,1.8,4.25,0.15,3.76,26,34.7,28,35.24,0,0.1,0,0.12,0,0.15,0,0.076672776,0,0,0,0.70624484,0,0.617818754
2016,1,4610,1.8,4.21,0.15,3.04,26,36,28,37.02,0,0.1,0,0.12,0,0.15,0,0.143761455,0,0,0,0.729666225,0,0.66080813
2016,1,4611,1.8,5.98,0.15,6.39,26,35.2,28,37.62,0,0.1,0,0.12,0,0.15,0,0.677276188,0,0,0,0.866591245,0,0.961733766
2016,1,4612,1.8,4.5,0.15,3.53,26,36,28,36.83,0,0.1,0,0.12,0,0.15,0,0.115009164,0,0,0,0.711649775,0,0.681688685
2016,1,4613,1.8,4.51,0.15,4.16,26,35.6,28,35.94,0,0.1,0,0.12,0,0.15,0,0.143761455,0,0,0,0.70984813,0,0.66080813
2016,1,4614,1.8,4.21,0.15,3.34,26,35.5,28,35.68,0,0.1,0,0.12,0,0.15,0,0.105425067,0,0,0,0.700839905,0,0.621503557
2016,1,4615,1.8,3.55,0.15,2.87,26,34.5,28,35,0,0.1,0,0.12,0,0.15,0,0.067088679,0,0,0,0.690030035,0,0.606764343
2016,1,4616,1.8,3.81,0.15,2.63,26,33.1,28,33.54,0,0.1,0,0.12,0,0.15,0,0.057504582,0,0,0,0.67741852,0,0.617818754
2016,1,4617,1.8,4.09,0.15,2.52,26,32.7,28,32,0,0.1,0,0.12,0,0.15,0,0.051115184,0,0,0,0.65940207,0,0.627644897
2016,1,4618,1.8,3.28,0.15,2.51,26,33.3,28,33.1,0,0.1,0,0.12,0,0.15,0,0.054309883,0,0,0,0.653997135,0,0.565003234
2016,1,4619,1.8,2.81,0.15,1.95,26,31.3,28,30.01,0,0.1,0,0.12,0,0.15,0,0.038336388,0,0,0,0.589137915,0,0.545350948
2016,1,4620,1.8,4.03,0.15,2.62,26,31.6,28,30.53,0,0.1,0,0.12,0,0.15,0,0.044725786,0,0,0,0.64138562,0,0.657123327
2016,1,4621,1.8,3.57,0.15,2.84,26,29.7,28,28,0,0.1,0,0.12,0,0.15,0,0.028752291,0,0,0,0.538691855,0,0.517100786
2016,1,4622,1.8,2.43,0.15,1.96,26,29.6,28,28,0,0.1,0,0.12,0,0.15,0,0.022362893,0,0,0,0.43599809,0,0.432350301
2016,1,4623,1.8,2.35,0.15,2.7,26,29.7,28,28,0,0.1,0,0.12,0,0.15,0,0.015973495,0,0,0,0.340510905,0,0.320577922
2016,1,4701,1.8,4.5,0.15,4.71,26,36.7,28,40.19,0,0.1,0,0.12,0,0.15,0,0.182097843,0,0,0,0.740476095,0,0.653438523
2016,1,4702,1.8,5.2,0.15,4.47,26,37,28,40.81,0,0.1,0,0.12,0,0.15,0,0.134177358,0,0,0,0.71345142,0,0.659579862
2016,1,4703,1.8,3.96,0.15,3.79,26,35.6,28,38.23,0,0.1,0,0.12,0,0.15,0,0.06389398,0,0,0,0.65219549,0,0.574829377
2016,1,4704,1.8,3.64,0.15,3.51,26,36.4,28,38.74,0,0.1,0,0.12,0,0.15,0,0.070283378,0,0,0,0.621567525,0,0.565003234
2016,1,4705,1.8,4.22,0.15,3.42,26,34.5,28,36.18,0,0.1,0,0.12,0,0.15,0,0.079867475,0,0,0,0.69543497,0,0.62027529
2016,1,4706,1.8,6.11,0.15,5.72,26,37.2,28,40.81,0,0.1,0,0.12,0,0.15,0,0.121398562,0,0,0,0.722459645,0,0.687830024
2016,1,4707,1.8,5.91,0.15,4.6,26,35.6,28,37.95,0,0.1,0,0.12,0,0.15,0,0.079867475,0,0,0,0.6846251,0,0.59079686
2016,1,4708,1.8,5.06,0.15,4.51,26,36.7,28,39.62,0,0.1,0,0.12,0,0.15,0,0.118203863,0,0,0,0.6846251,0,0.611677414
2016,1,4709,1.8,4.73,0.15,3.42,26,32.3,28,32.69,0,0.1,0,0.12,0,0.15,0,0.060699281,0,0,0,0.672013585,0,0.617818754
2016,1,4710,1.8,4.63,0.15,3.21,26,33.9,28,35.4,0,0.1,0,0.12,0,0.15,0,0.067088679,0,0,0,0.68102181,0,0.59079686
2016,1,4711,1.8,5.83,0.15,6,26,36.2,28,38.5,0,0.1,0,0.12,0,0.15,0,0.111814465,0,0,0,0.71705471,0,0.619047022
2016,1,4712,1.8,4.5,0.15,4.04,26,36.2,28,38.3,0,0.1,0,0.12,0,0.15,0,0.09584097,0,0,0,0.70624484,0,0.609220878
2016,1,4713,1.8,4.48,0.15,4.07,26,36.8,28,39.61,0,0.1,0,0.12,0,0.15,0,0.172513746,0,0,0,0.729666225,0,0.66080813
2016,1,4714,1.8,3.92,0.15,3.04,26,30.9,28,30.44,0,0.1,0,0.12,0,0.15,0,0.047920485,0,0,0,0.64138562,0,0.659579862
2016,1,4715,1.8,5.08,0.15,3.36,26,32.7,28,33.8,0,0.1,0,0.12,0,0.15,0,0.070283378,0,0,0,0.679220165,0,0.658351594
2016,1,4716,1.8,5.37,0.15,3.48,26,33,28,33.67,0,0.1,0,0.12,0,0.15,0,0.06389398,0,0,0,0.672013585,0,0.650981987
2016,1,4717,1.8,5.31,0.15,3.92,26,34.4,28,35.96,0,0.1,0,0.12,0,0.15,0,0.111814465,0,0,0,0.704443195,0,0.71362365
2016,1,4718,1.8,4.19,0.15,2.4,26,30.4,28,28.64,0,0.1,0,0.12,0,0.15,0,0.03194699,0,0,0,0.51887376,0,0.563774966
2016,1,4801,1.8,5.62,0.15,5.69,26,40.4,28,43.81,0,0.1,0,0.12,0,0.15,0,0.102230368,0,0,0,0.64138562,0,0.630101433
2016,1,4802,1.8,4.9,0.15,4.79,26,40.5,28,44.21,0,0.1,0,0.12,0,0.15,0,0.124593261,0,0,0,0.68102181,0,0.709938846
2016,1,4803,1.8,4.26,0.15,3.09,26,40.5,28,42.8,0,0.1,0,0.12,0,0.15,0,0.076672776,0,0,0,0.60895601,0,0.654666791
2016,1,4804,1.8,4.3,0.15,5.05,26,39.2,28,43.71,0,0.1,0,0.12,0,0.15,0,0.118203863,0,0,0,0.697236615,0,0.644840648
2016,1,4805,1.8,4.79,0.15,5.14,26,40.1,28,43.81,0,0.1,0,0.12,0,0.15,0,0.150150853,0,0,0,0.73146787,0,0.752928223
2016,1,4806,1.8,5.12,0.15,7.66,26,43.7,28,47.11,0,0.1,0,0.12,0,0.15,0,0.35141689,0,0,0,0.790922155,0,0.911374782
2016,1,4807,1.8,4.85,0.15,4.53,26,37.6,28,41.41,0,0.1,0,0.12,0,0.15,0,0.162929649,0,0,0,0.736872805,0,0.701340971
2016,1,4808,1.8,5.63,0.15,5.63,26,39.3,28,43.02,0,0.1,0,0.12,0,0.15,0,0.261965318,0,0,0,0.80713696,0,0.857330994
2016,1,4809,1.8,4.73,0.15,3.56,26,41.2,28,41.89,0,0.1,0,0.12,0,0.15,0,0.150150853,0,0,0,0.59814614,0,0.655895059
2016,1,4810,1.8,5.64,0.15,5.17,26,38.5,28,41.89,0,0.1,0,0.12,0,0.15,0,0.15973495,0,0,0,0.729666225,0,0.718536722
2016,1,4811,1.8,6.99,0.15,8.56,26,40.9,28,45.17,0,0.1,0,0.12,0,0.15,0,0.348222191,0,0,0,0.812541895,0,0.944538015
2016,1,4812,1.8,5.72,0.15,4.65,26,36.4,28,38.57,0,0.1,0,0.12,0,0.15,0,0.086256873,0,0,0,0.675616875,0,0.822939493
2016,1,4813,1.8,5.41,0.15,4.08,26,38.5,28,40.99,0,0.1,0,0.12,0,0.15,0,0.115009164,0,0,0,0.6846251,0,0.85978753
2016,1,4814,1.8,5.37,0.15,3.51,26,39.5,28,40.52,0,0.1,0,0.12,0,0.15,0,0.076672776,0,0,0,0.553105015,0,0.696427899
2016,1,4815,1.8,5.2,0.15,4.18,26,39.8,28,39.02,0,0.1,0,0.12,0,0.15,0,0.044725786,0,0,0,0.452212895,0,0.458143927
2016,1,4816,1.8,7.38,0.15,6.18,26,33.5,28,33.97,0,0.1,0,0.12,0,0.15,0,0.073478077,0,0,0,0.607154365,0,0.78363492
2016,1,4817,1.8,5,0.15,3.03,26,32.5,28,31.55,0,0.1,0,0.12,0,0.15,0,0.057504582,0,0,0,0.535088565,0,0.767667438
2016,1,4818,1.8,4.1,0.15,2.64,26,37.2,28,37.91,0,0.1,0,0.12,0,0.15,0,0.070283378,0,0,0,0.520675405,0,0.708710578
2016,1,4819,1.8,5.07,0.15,4.62,26,36.2,28,37.72,0,0.1,0,0.12,0,0.15,0,0.099035669,0,0,0,0.556708305,0,0.772580509
2016,1,5901,1.8,7.8,0.15,3.93,26,36.7,28,37.07,0,0.1,0,0.12,0,0.15,0,0.057504582,0,0,0,0.502658955,0,0.474111409
2016,1,5903,1.8,8.46,0.15,3.09,26,34.4,28,35.68,0,0.1,0,0.12,0,0.15,0,0.054309883,0,0,0,0.47563428,0,0.459372195
2016,1,5905,1.8,7.45,0.15,3.93,26,35.2,28,37.66,0,0.1,0,0.12,0,0.15,0,0.067088679,0,0,0,0.48644415,0,0.493763696
2016,1,5907,1.8,8.49,0.15,4.6,26,36,28,37.78,0,0.1,0,0.12,0,0.15,0,0.067088679,0,0,0,0.441403025,0,0.476567945
2016,1,5909,1.8,5.97,0.15,6.36,26,37.3,28,42.18,0,0.1,0,0.12,0,0.15,0,0.09584097,0,0,0,0.49725402,0,0.560090162
2016,1,5915,1.8,5.54,0.15,9.83,26,38,28,43.95,0,0.1,0,0.12,0,0.15,0,0.507957141,0,0,0,0.736872805,0,0.802058939
2016,1,5917,1.8,4.71,0.15,6.16,26,39.2,28,41.35,0,0.1,0,0.12,0,0.15,0,0.137372057,0,0,0,0.430593155,0,0.515872518
2016,1,5919,1.8,4.01,0.15,5.36,26,38.2,28,39.66,0,0.1,0,0.12,0,0.15,0,0.070283378,0,0,0,0.347717485,0,0.405328407
2016,1,5921,1.8,4.28,0.15,5.36,26,36.1,28,37.7,0,0.1,0,0.12,0,0.15,0,0.073478077,0,0,0,0.333304325,0,0.384447853
2016,1,5923,1.8,4.6,0.15,3,26,33.8,28,31.9,0,0.1,0,0.12,0,0.15,0,0.03194699,0,0,0,0.26304017,0,0.297240832
2016,1,5924,1.8,4.75,0.15,2.11,26,31.7,28,29.15,0,0.1,0,0.12,0,0.15,0,0,0,0,0,0,0,0
2016,1,5926,1.8,4.75,0.15,2.98,26,33.9,28,34.75,0,0.1,0,0.12,0,0.15,0,0,0,0,0,0,0,0
2016,1,5927,1.8,4.07,0.15,2.86,26,33.4,28,33.01,0,0.1,0,0.12,0,0.15,0,0.047920485,0,0,0,0.29546978,0,0.309523511
2016,1,5929,1.8,4.36,0.15,4.61,26,35.9,28,37.9,0,0.1,0,0.12,0,0.15,0,0.070283378,0,0,0,0.36753558,0,0.384447853
2016,1,5931,1.8,6.06,0.15,4.22,26,35.8,28,37.64,0,0.1,0,0.12,0,0.15,0,0.044725786,0,0,0,0.318891165,0,0.335317137
2016,1,5933,1.8,6.77,0.15,5.28,26,34.7,28,36.01,0,0.1,0,0.12,0,0.15,0,0.047920485,0,0,0,0.40356848,0,0.426208961
2016,1,5935,1.8,8.11,0.15,4.2,26,38.7,28,44.62,0,0.1,0,0.12,0,0.15,0,0.099035669,0,0,0,0.51887376,0,0.56745977
2016,1,5937,1.8,7.29,0.15,3.92,26,35.1,28,37.94,0,0.1,0,0.12,0,0.15,0,0.057504582,0,0,0,0.47923757,0,0.481481017
2016,1,5939,1.8,7.27,0.15,3.44,26,34.4,28,33.93,0,0.1,0,0.12,0,0.15,0,0.041531087,0,0,0,0.426989865,0,0.405328407
2016,1,5941,1.8,5.38,0.15,2.14,26,33.8,28,33.68,0,0.1,0,0.12,0,0.15,0,0.028752291,0,0,0,0.2882632,0,0.335317137
2016,1,5943,1.8,2.32,0.15,1.28,26,30.8,28,28,0,0.1,0,0.12,0,0.15,0,0.022362893,0,0,0,0.207189175,0,0.235827437
2016,1,5945,1.8,1.8,0.15,1.27,26,30.5,28,28,0,0.1,0,0.12,0,0.15,0,0.019168194,0,0,0,0.196379305,0,0.228457829
2016,1,5947,1.8,1.93,0.15,1.44,26,30.2,28,28,0,0.1,0,0.12,0,0.15,0,0.012778796,0,0,0,0.1441316,0,0.187924989
2016,1,5949,1.8,5.8,0.15,1.5,26,31.1,28,28,0,0.1,0,0.12,0,0.15,0,0.012778796,0,0,0,0.19097437,0,0.232142633
2016,1,5951,1.8,4.49,0.15,1.78,26,31.9,28,30.08,0,0.1,0,0.12,0,0.15,0,0.025557592,0,0,0,0.239618785,0,0.318121386
2016,1,5953,1.8,5.42,0.15,3.39,26,34,28,32.73,0,0.1,0,0.12,0,0.15,0,0.035141689,0,0,0,0.333304325,0,0.423752426
2016,1,5955,1.8,4.69,0.15,3.17,26,32.9,28,30.8,0,0.1,0,0.12,0,0.15,0,0.038336388,0,0,0,0.35672571,0,0.502361571
2016,1,5957,1.8,2.85,0.15,0.78,26,31.9,28,28.52,0,0.1,0,0.12,0,0.15,0,0.012778796,0,0,0,0.20178424,0,0.250566652
2016,1,5959,1.8,3.26,0.15,1.38,26,30.9,28,28,0,0.1,0,0.12,0,0.15,0,0.022362893,0,0,0,0.340510905,0,0.503589839
2016,1,6001,1.8,3.36,0.15,0.92,26,31.5,28,28.59,0,0.1,0,0.12,0,0.15,0,0.006389398,0,0,0,0.11530528,0,0.147392148
2016,1,6101,1.8,1.8,0.15,0.67,26,30.2,28,28.45,0,0.1,0,0.12,0,0.15,0,0,0,0,0,0,0,0
2016,1,6102,1.8,3.13,0.15,0.22,26,30.4,28,28,0,0.1,0,0.12,0,0.15,0,0,0,0,0,0,0,0
2016,1,6103,1.8,4.83,0.15,2.19,26,32.8,28,31.01,0,0.1,0,0.12,0,0.15,0,0,0,0,0,0,0,0
2016,1,6104,1.8,3.42,0.15,1.1,26,30.4,28,28,0,0.1,0,0.12,0,0.15,0,0,0,0,0,0,0,0
2016,1,6105,1.8,4.38,0.15,1.99,26,30.2,28,28.64,0,0.1,0,0.12,0,0.15,0,0,0,0,0,0,0,0
2016,1,6106,1.8,4.22,0.15,2.64,26,30.8,28,29.15,0,0.1,0,0.12,0,0.15,0,0.012778796,0,0,0,0.26304017,0,0.341458476
2016,1,6204,1.8,1.8,0.15,2.7,26,30.5,28,29.16,0,0.1,0,0.12,0,0.15,0,0,0,0,0,0,0,0
2016,1,6205,1.8,1.8,0.15,2.26,26,30.1,28,28.62,0,0.1,0,0.12,0,0.15,0,0.006389398,0,0,0,0.11890857,0,0.127739862
2016,1,6208,1.8,1.8,0.15,0.15,26,30.1,28,28.77,0,0.1,0,0.12,0,0.15,0,0,0,0,0,0,0,0
